{"fc": 917.4971234971525, "DC": -8.163845638053438, "n": 0}